generation,best_fitness,avg_fitness,best_score,alltime_best,num_species,avg_nodes,avg_connections
0,128.6,26.98,1,128.6,1,3.0,33.0
1,180.1,32.93,1,180.1,1,3.11,32.67
2,323.9,41.98,3,323.9,1,3.22,32.23
3,307.6,43.57,3,323.9,1,3.36,31.52
4,180.1,39.24,1,323.9,1,3.45,30.31
5,300.1,39.88,2,323.9,1,3.44,28.39
6,180.1,44.35,1,323.9,1,3.35,25.84
7,104.9,43.97,1,323.9,1,3.47,23.42
8,180.1,46.64,1,323.9,1,3.4,20.18
9,304.6,47.9,3,323.9,1,3.43,17.71
10,205.8,47.16,2,323.9,1,3.55,15.85
11,201.8,52.58,2,323.9,1,3.51,14.47
12,180.1,51.32,1,323.9,1,3.67,13.86
13,107.3,51.04,1,323.9,1,3.51,12.49
14,103.9,40.31,1,323.9,1,3.67,11.36
15,180.1,42.02,1,323.9,1,3.63,10.07
16,102.8,45.98,1,323.9,1,3.53,8.53
17,102.3,50.95,1,323.9,1,3.63,7.49
18,100.3,52.46,1,323.9,1,3.56,6.13
19,101.2,54.11,1,323.9,1,3.6,4.51
20,60.1,50.31,0,323.9,1,4.05,5.08
21,60.1,50.71,0,323.9,1,3.83,4.04
22,101.9,52.95,1,323.9,1,3.63,3.27
23,180.1,56.08,1,323.9,1,3.69,3.37
24,101.9,48.72,1,323.9,2,3.73,3.4
25,101.2,45.74,1,323.9,2,3.8,3.25
26,180.1,53.74,1,323.9,2,3.87,3.65
27,60.1,48.73,0,323.9,2,4.15,4.29
28,180.1,52.16,1,323.9,2,4.21,4.28
29,101.2,56.09,1,323.9,2,3.96,3.93
30,100.3,52.15,1,323.9,2,3.95,3.58
31,100.3,54.91,1,323.9,2,4.31,4.11
32,100.3,49.07,1,323.9,2,4.84,4.95
33,60.1,53.46,0,323.9,2,5.08,6.03
34,100.3,53.08,1,323.9,2,5.23,6.46
35,60.1,52.29,0,323.9,2,5.11,6.07
36,104.9,53.13,1,323.9,2,4.65,5.65
37,104.9,55.53,1,323.9,2,4.53,5.37
38,101.8,52.19,1,323.9,2,4.81,6.55
39,60.1,56.21,0,323.9,2,5.14,6.77
40,102.3,55.88,1,323.9,2,5.16,6.93
41,100.3,52.18,1,323.9,2,4.41,6.54
42,60.1,55.01,0,323.9,2,3.94,5.21
43,60.1,56.59,0,323.9,2,3.63,4.37
44,102.6,58.58,1,323.9,2,3.73,4.62
45,60.1,57.75,0,323.9,3,4.11,5.27
46,60.1,57.35,0,323.9,2,4.25,5.48
47,100.3,55.67,1,323.9,3,4.4,5.79
48,180.1,57.64,1,323.9,3,4.34,5.71
49,100.3,50.99,1,323.9,3,4.55,5.62
50,101.2,52.21,1,323.9,3,4.2,4.85
51,180.1,50.61,1,323.9,3,4.58,5.43
52,100.3,51.34,1,323.9,3,4.88,5.57
53,60.1,52.66,0,323.9,3,4.87,5.6
54,180.1,54.63,1,323.9,3,5.27,5.83
55,100.3,52.91,1,323.9,3,5.41,6.31
56,60.1,52.67,0,323.9,3,5.59,6.54
57,101.2,53.99,1,323.9,3,4.96,5.21
58,102.1,52.29,1,323.9,3,5.85,7.15
59,101.4,48.89,1,323.9,3,6.06,7.35
60,60.1,49.13,0,323.9,3,5.81,7.08
61,101.2,52.14,1,323.9,3,5.75,6.6
62,101.3,52.54,1,323.9,3,5.92,6.67
63,101.2,51.77,1,323.9,3,5.94,6.67
64,102.4,51.64,1,323.9,3,5.59,5.84
65,101.4,46.71,1,323.9,3,5.13,4.98
66,103.0,50.87,1,323.9,3,5.42,5.07
67,101.2,49.2,1,323.9,3,5.35,5.73
68,101.2,49.4,1,323.9,3,5.56,5.38
69,101.2,52.04,1,323.9,2,5.64,6.22
70,101.2,44.57,1,323.9,2,5.99,7.2
71,60.1,49.52,0,323.9,2,6.21,8.34
72,60.1,54.24,0,323.9,2,6.65,9.33
73,100.3,56.46,1,323.9,2,6.98,8.79
74,60.1,56.18,0,323.9,2,6.56,8.43
75,60.1,53.45,0,323.9,3,5.85,7.19
76,101.3,55.69,1,323.9,2,6.35,7.41
77,100.3,54.78,1,323.9,2,5.41,6.54
78,100.3,55.27,1,323.9,2,5.94,6.44
79,101.3,52.03,1,323.9,2,6.09,6.56
80,100.3,57.02,1,323.9,2,5.71,6.01
81,101.2,55.55,1,323.9,2,6.55,6.56
82,60.1,49.91,0,323.9,2,6.43,6.21
83,60.1,50.74,0,323.9,2,6.08,6.17
84,102.4,48.92,1,323.9,2,6.01,5.99
85,60.1,47.99,0,323.9,2,4.93,4.49
86,103.9,44.12,1,323.9,2,4.07,3.39
87,102.4,45.93,1,323.9,2,3.89,3.08
88,100.3,53.64,1,323.9,2,4.53,4.18
89,60.1,55.39,0,323.9,2,4.78,5.13
90,60.1,53.06,0,323.9,2,4.79,4.91
91,102.4,50.59,1,323.9,2,5.23,5.97
92,60.1,48.36,0,323.9,2,5.17,5.93
93,101.1,52.05,1,323.9,2,4.93,5.43
94,102.5,48.86,1,323.9,2,4.29,4.59
95,103.6,47.8,1,323.9,2,4.69,5.41
96,102.5,50.62,1,323.9,2,4.67,4.8
97,202.5,50.35,2,323.9,2,4.53,4.74
98,105.7,53.6,1,323.9,2,4.2,4.48
99,102.4,50.35,1,323.9,2,4.35,4.45
100,104.5,51.75,1,323.9,2,4.98,4.85
101,104.7,52.83,1,323.9,2,5.19,4.98
102,180.1,51.09,1,323.9,2,5.21,5.05
103,180.1,50.71,1,323.9,2,5.13,4.87
104,180.1,57.71,1,323.9,2,4.86,4.58
105,300.1,51.94,2,323.9,2,4.51,3.84
106,300.1,59.13,2,323.9,2,4.63,4.11
107,180.1,55.05,1,323.9,2,5.03,4.6
108,180.1,52.67,1,323.9,2,5.37,5.53
109,101.2,55.55,1,323.9,2,5.29,5.21
110,180.1,52.26,1,323.9,2,5.57,6.11
111,300.1,52.95,2,323.9,2,5.31,5.48
112,180.1,47.1,1,323.9,2,5.31,5.28
113,101.2,48.66,1,323.9,2,4.77,4.59
114,420.1,48.83,3,420.1,2,4.62,4.63
115,300.1,47.91,2,420.1,2,4.2,4.17
116,180.1,47.31,1,420.1,2,4.43,4.69
117,180.1,49.37,1,420.1,2,4.91,5.59
118,300.1,55.11,2,420.1,2,4.62,5.22
119,180.1,56.36,1,420.1,2,4.16,4.62
120,180.1,58.13,1,420.1,2,4.24,4.85
121,300.1,54.47,2,420.1,2,4.16,4.41
122,300.1,53.96,2,420.1,2,4.04,3.65
123,180.1,54.78,1,420.1,2,4.31,4.47
124,5007.5,89.01,47,5007.5,2,4.22,4.37
125,5212.5,95.17,49,5212.5,2,4.09,4.31
126,5328.6,130.07,50,5328.6,2,3.78,3.95
127,5765.9,168.96,54,5765.9,2,4.13,4.67
128,6208.9,208.35,58,6208.9,2,4.45,5.73
129,6073.2,311.18,57,6208.9,2,4.95,6.66
130,5864.9,268.03,55,6208.9,2,5.19,7.41
131,6389.3,254.28,60,6389.3,2,5.61,7.96
132,5747.5,136.05,54,6389.3,2,5.9,7.97
133,5445.0,138.61,51,6389.3,2,5.88,7.51
134,6303.8,144.33,59,6389.3,2,5.71,7.25
135,5610.4,167.31,53,6389.3,2,5.69,6.81
136,6918.6,217.57,65,6918.6,2,5.26,5.67
137,5762.3,281.25,54,6918.6,2,5.64,6.73
138,6208.9,353.08,58,6918.6,2,6.09,7.47
139,5867.0,269.35,55,6918.6,2,6.09,7.66
140,5408.4,201.45,51,6918.6,2,5.99,7.51
141,6511.0,318.67,61,6918.6,2,5.85,6.73
142,6194.5,387.66,58,6918.6,2,5.96,6.92
143,6096.0,380.87,57,6918.6,2,6.07,7.45
144,6318.8,394.9,59,6918.6,2,6.03,8.06
145,6292.6,276.33,59,6918.6,2,6.4,8.55
146,5765.2,242.98,54,6918.6,2,6.69,8.91
147,6582.0,366.41,62,6918.6,2,7.09,9.15
148,6406.9,289.87,60,6918.6,2,7.49,8.81
149,6048.9,199.28,57,6918.6,2,7.96,9.25
150,5983.6,307.0,56,6918.6,2,8.34,9.87
151,5967.6,250.23,56,6918.6,2,8.45,10.01
152,6742.9,294.64,63,6918.6,2,8.09,9.42
153,6109.7,282.58,57,6918.6,2,8.05,9.28
154,6436.8,314.65,60,6918.6,2,7.45,8.89
155,5461.0,317.23,51,6918.6,2,7.28,8.72
156,6098.7,318.06,57,6918.6,2,7.52,8.66
157,5978.9,244.28,56,6918.6,2,7.57,9.05
158,6175.6,239.73,58,6918.6,2,7.59,9.15
159,5963.2,243.13,56,6918.6,2,7.8,9.63
160,6400.9,217.5,60,6918.6,2,7.95,9.48
161,5891.4,242.69,55,6918.6,2,7.63,8.78
162,5568.1,242.43,52,6918.6,2,7.48,8.31
163,5881.7,275.86,55,6918.6,2,7.43,8.18
164,6403.0,337.02,60,6918.6,2,7.69,8.13
165,5968.0,273.44,56,6918.6,2,7.62,8.16
166,5740.7,315.52,54,6918.6,2,7.64,8.38
167,6405.5,248.48,60,6918.6,2,7.93,8.75
168,6106.7,206.13,57,6918.6,2,7.89,8.51
169,6416.7,208.63,60,6918.6,2,8.03,8.31
170,6312.9,216.24,59,6918.6,2,8.38,8.65
171,6302.6,255.91,59,6918.6,2,8.15,7.92
172,5983.0,255.99,56,6918.6,2,7.8,7.01
173,6177.1,216.89,58,6918.6,2,7.85,7.04
174,6307.9,251.18,59,6918.6,2,7.73,6.91
175,6314.7,254.64,59,6918.6,2,7.58,7.09
176,5787.8,202.12,54,6918.6,2,7.23,6.54
177,6305.0,288.05,59,6918.6,2,7.15,6.26
178,6371.6,252.42,60,6918.6,2,7.02,6.41
179,6065.4,284.36,57,6918.6,2,7.17,6.25
